岗位名称,问题类型,问题,答案
脑机数字孪生开发工程师,岗位介绍,脑机数字孪生开发工程师是做什么的？,负责构建脑机接口系统的数字孪生模型与仿真平台，实现虚实融合的BCI开发与测试环境。工作包括开发仿真模型、搭建三维可视化环境、实现物理设备与虚拟模型数据同步、构建仿真训练场景。
脑机数字孪生开发工程师,岗位职责详解,具体职责有哪些？,1）开发脑电信号和神经环路的仿真模型；2）搭建Unity/Unreal实时渲染和交互式三维可视化环境；3）实现物理设备与数字孪生体的低延迟数据同步；4）构建仿真训练场景用于算法验证和用户体验评估；5）优化仿真系统性能和逼真度；6）开发可视化大屏和数据分析面板；7）编写仿真技术文档；8）与算法团队协作定义仿真参数。
脑机数字孪生开发工程师,岗位定位,在团队中的定位是什么？,该岗位是BCI系统的虚拟实验室构建者，为算法开发、硬件测试和用户培训提供安全、可控、可重复的仿真环境，是降低BCI研发成本和加速迭代的关键角色。
脑机数字孪生开发工程师,岗位价值,核心价值是什么？,通过数字孪生技术在不依赖真实用户和设备的情况下进行BCI系统测试和验证，大幅降低研发成本和安全风险，同时为临床培训提供可重复的仿真训练平台。
脑机数字孪生开发工程师,岗位起源,岗位起源是什么？,数字孪生概念在工业4.0和智能制造中成熟后，随着BCI系统复杂度提升和测试成本增加，逐渐被引入脑机接口领域。2022年前后，头部BCI企业开始设立专门的数字孪生开发岗位。
脑机数字孪生开发工程师,核心技能,需要掌握哪些核心技能？,数字孪生技术、实时仿真、Unity3D/Unreal Engine、三维建模、C++/C#、Python、计算机图形学、信号仿真、网络同步、可视化大屏开发、XR/VR交互。
脑机数字孪生开发工程师,技术栈,日常使用哪些技术栈？,Unity 3D/Unreal Engine、Blender/Maya、C#/C++、Python、ROS、MQTT、WebGL、Three.js、CUDA、数字孪生平台（ThingJS、DataV）、时序数据库（InfluxDB）、Git。
脑机数字孪生开发工程师,编程语言要求,对编程语言有什么要求？,C#（Unity脚本）或C++（Unreal开发）为必修；Python用于数据处理和仿真脚本；了解JavaScript/TypeScript有助于Web端可视化开发；GLSL/HLSL着色器编程为加分项。
脑机数字孪生开发工程师,框架与工具,常用哪些框架和工具？,Unity 3D/Unreal Engine（游戏引擎）、Blender/Maya（三维建模）、Three.js（Web 3D）、ThingJS/DataV（数字孪生平台）、ROS（机器人仿真）、MQTT/DDS（通信协议）、Blender Python API（程序化建模）、Git（版本管理）。
脑机数字孪生开发工程师,软技能要求,需要哪些软技能？,空间想象力和审美能力（将抽象数据转化为直观可视化）；跨学科沟通（理解神经科学家和算法工程师的需求）；性能优化意识（在效果和帧率间平衡）；文档编写能力；持续学习新引擎和新工具的能力。
脑机数字孪生开发工程师,任职要求,学历和经验要求是什么？,本科及以上学历，计算机科学、软件工程、虚拟现实、生物医学工程等相关专业；3年以上数字孪生、仿真或游戏开发经验；有医疗仿真、工业数字孪生、元宇宙项目经验者优先。
脑机数字孪生开发工程师,专业背景,适合什么专业背景？,计算机科学、软件工程、数字媒体技术为核心；虚拟现实技术、游戏开发专业直接对口；生物医学工程有仿真经验者有优势；电子信息/自动化如有图形学基础也可。
脑机数字孪生开发工程师,加分项,有哪些加分项？,1）Unity或Unreal Engine认证；2）工业数字孪生或智慧城市项目经验；3）可视化或仿真论文；4）VR/AR医疗培训项目经验；5）熟悉OpenGL/Vulkan；6）RTOS开发经验；7）SIGGRAPH或IEEE VR会议展示。
脑机数字孪生开发工程师,适合人群,什么样的人适合做这个岗位？,对三维可视化、仿真和虚拟现实有浓厚兴趣；具备较强空间想象力和审美；精通游戏引擎开发善于在性能和效果间找平衡；有跨学科协作能力；对虚实融合技术充满热情。
脑机数字孪生开发工程师,不适合人群,什么样的人可能不适合？,对图形学和三维开发没有兴趣的人；只做后端不愿接触可视化的人；对性能优化缺乏耐心的人；无法理解BCI和神经科学基础知识的人；不善于将抽象需求转化为可视化方案的人。
脑机数字孪生开发工程师,典型一天,典型的一天是怎样的？,上午与算法团队对接仿真需求，在Unity/Unreal中开发三维场景和交互逻辑；编写脑电信号仿真脚本；调试设备与虚拟模型的同步通道；下午优化渲染性能确保帧率达标；进行仿真验证测试记录精度和延迟数据。
脑机数字孪生开发工程师,工作流程,完整的工作流程是怎样的？,需求分析→仿真场景设计→三维建模与场景搭建→数据接口开发→虚实同步实现→交互逻辑编程→性能优化→仿真验证测试→文档输出→持续迭代。
脑机数字孪生开发工程师,团队协作,如何与团队协作？,与算法团队对接仿真参数和数据格式；与硬件团队协调设备接口和通信协议；与UI/UX设计师协作可视化界面设计；与神经科学团队确认仿真模型的科学合理性；与产品团队讨论仿真场景的用户需求。
脑机数字孪生开发工程师,汇报关系,向谁汇报？,通常向技术负责人或仿真平台负责人汇报，在大型团队中可能向CTO或研发副总裁汇报。
脑机数字孪生开发工程师,出差需求,需要出差吗？,偶尔需要，主要是到合作医院或实验室进行虚实联调测试、参加VR/数字孪生行业展会、到客户现场部署仿真系统，出差频率约每季度1-2次。
脑机数字孪生开发工程师,工作环境,工作环境如何？,研发办公室为主，配备高性能图形工作站和VR/AR设备；部分公司有专门的仿真实验室和展示大屏；创意性较强的工作氛围，需要频繁使用三维建模和游戏引擎工具。
脑机数字孪生开发工程师,面试常见问题,面试常问什么？,1）描述你做过的数字孪生项目架构；2）Unity和Unreal在实时仿真中各有什么优劣？3）如何实现物理设备与虚拟模型的低延迟同步？4）如何在保证帧率的同时处理大规模数据流？5）数字孪生在BCI测试中的具体应用场景；6）可交互的神经可视化界面设计思路。
脑机数字孪生开发工程师,技术面试重点,技术面试的重点是什么？,游戏引擎开发能力（Unity/Unreal）、C++/C#编程能力、计算机图形学基础、网络同步和通信协议理解、性能优化经验、三维建模和可视化能力、对BCI仿真的理解。
脑机数字孪生开发工程师,作品集准备,作品集应该怎么准备？,准备1-2个完整的数字孪生或仿真项目Demo，包含可运行的演示、架构设计文档和效果截图/视频；展示从建模到交互开发的完整流程；如有VR/AR项目经验更佳；附上技术博客说明优化方案。
脑机数字孪生开发工程师,面试流程,面试流程是怎样的？,通常3-4轮：HR初筛→技术面试（引擎开发+图形学）→作品评审（展示Demo并讲解技术方案）→终面（技术总监或CTO）。部分公司有上机实操环节。
脑机数字孪生开发工程师,面试技巧,有什么面试技巧？,1）准备可运行的Demo现场展示效果；2）重点讲解性能优化方案和数据同步实现；3）展示对BCI领域的理解而非纯游戏开发；4）准备1-2个技术难点的解决方案故事；5）了解目标公司的BCI产品和仿真需求。
脑机数字孪生开发工程师,主要挑战,面临的主要挑战是什么？,脑电信号和神经环路仿真模型精度难以验证；实时渲染与数据处理双重性能压力；虚实同步延迟需毫秒级；三维可视化需兼顾科学准确性和可理解性；跨平台部署适配复杂；缺乏行业标准。
脑机数字孪生开发工程师,技术难点,最大的技术难点是什么？,在保证60fps以上渲染帧率的同时，实时处理和可视化大规模脑电数据流（多通道、高采样率），并保持物理设备与虚拟模型之间的毫秒级同步，这需要极致的性能优化和架构设计。
脑机数字孪生开发工程师,压力来源,主要压力来源是什么？,仿真精度直接关系测试结果可信度；性能优化永无止境需持续投入；跨平台适配工作量大；需快速学习新引擎和新工具；用户对可视化效果的期望不断提高。
脑机数字孪生开发工程师,如何克服挑战,如何克服这些挑战？,采用LOD（细节层次）策略平衡精度和性能；使用GPU加速和实例化渲染；设计模块化架构便于扩展；建立自动化性能测试Pipeline；与算法团队紧密协作验证仿真合理性；定期进行技术调研引入新方案。
脑机数字孪生开发工程师,职业发展路径,职业发展路径是什么？,初级仿真工程师→高级数字孪生工程师→仿真架构师→仿真平台技术负责人→技术总监；也可转向XR产品经理或创业。
脑机数字孪生开发工程师,晋升方向,晋升方向有哪些？,技术线：高级工程师→仿真架构师→首席技术专家；管理线：仿真团队Leader→研发经理→技术总监；也可转向XR/元宇宙产品经理或神经可视化研究方向。
脑机数字孪生开发工程师,转岗方向,可以转哪些方向？,XR/VR/AR开发、工业数字孪生、游戏开发、可视化大数据平台、元宇宙产品、BCI产品经理、技术美术（Tech Art）。
脑机数字孪生开发工程师,行业趋势,行业趋势如何？,XR设备普及推动沉浸式BCI仿真发展；AI生成内容（AIGC）加速三维建模效率；云渲染技术降低终端硬件要求；元宇宙概念推动虚拟仿真标准化；各国加大对数字孪生基础设施投入。
脑机数字孪生开发工程师,薪资参考,薪资水平如何？,一线城市参考：初级（1-3年）18K-28K/月，中级（3-5年）28K-45K/月，高级（5年以上）45K-70K/月。有元宇宙或医疗仿真经验者可上浮15%-25%。
脑机数字孪生开发工程师,行业应用场景,有哪些行业应用场景？,BCI算法虚拟测试平台、神经康复仿真训练系统、脑外科手术规划数字孪生、BCI设备远程监控大屏、神经教育仿真实验平台、VR冥想和神经反馈训练。
脑机数字孪生开发工程师,医疗康复应用,在医疗康复领域有哪些具体应用？,中风康复虚拟训练场景（BCI控制虚拟肢体运动）、脑外科手术数字孪生规划（3D重建+脑电功能定位）、神经康复游戏化训练（沉浸式VR+BCI反馈）、意识障碍患者脑状态可视化监测。
脑机数字孪生开发工程师,消费级应用,消费级应用有哪些？,VR冥想App（脑电驱动的沉浸式场景）、脑电可视化家居大屏（实时展示家庭成员脑状态）、教育VR实验（虚拟脑电实验平台）、脑控VR游戏（意念操控虚拟角色）。
脑机数字孪生开发工程师,常见术语,常见的专业术语有哪些？,Digital Twin（数字孪生）、Unity/Unreal（游戏引擎）、LOD（细节层次）、CSP（共同空间模式）、EEG（脑电图）、VR/AR/XR（虚拟/增强/混合现实）、MQTT（消息队列遥测传输）、ROS（机器人操作系统）、GPU Instancing（GPU实例化）、Shader（着色器）。
脑机数字孪生开发工程师,必读资源,有哪些必读资源？,书籍《Unity in Action》《Unreal Engine 4 Game Development》；论文：Digital Twin概念综述（Grieves）；Unity官方教程；Unreal Engine文档；Three.js开发指南；IEEE VR会议论文。
脑机数字孪生开发工程师,开源项目推荐,有哪些值得关注的开源项目？,Unity Engine、Unreal Engine、Three.js、Babylon.js、Blender、Godot、ROS、Gazebo（机器人仿真）、Open3D（3D数据处理）、VTK（可视化工具包）。
脑机数字孪生开发工程师,学习路径,学习路径是什么？,第一阶段：C#/C++编程基础→第二阶段：Unity或Unreal引擎学习→第三阶段：三维建模（Blender）→第四阶段：网络通信和数据同步→第五阶段：BCI基础知识→第六阶段：整合项目（BCI数字孪生Demo）。
脑机数字孪生开发工程师,入门指南,零基础如何入门？,先学C#和Unity基础，完成2-3个Unity小项目；学习Blender基础建模；了解MQTT或WebSocket通信；用MNE-Python了解脑电数据格式；做一个简单的脑电数据三维可视化Demo。
脑机数字孪生开发工程师,进阶方向,进阶方向有哪些？,云原生数字孪生平台（容器化+云渲染）、AIGC辅助三维建模、BCI元宇宙多用户协同仿真、神经网络可视化（将深度学习模型可视化）、实时神经影像重建（fMRI/EEG实时三维渲染）。
脑机数字孪生开发工程师,项目案例,有没有典型的项目案例？,案例1：BCI康复训练数字孪生平台，在Unity中构建虚拟手臂运动场景，通过BCI识别患者运动意图驱动虚拟手臂，同时同步真实康复机器人。案例2：脑电实时可视化大屏，将64通道脑电数据实时渲染为3D脑地形图和频谱动画。案例3：VR冥想训练系统，根据脑电放松度动态调整VR场景音效和视觉效果。
脑机数字孪生开发工程师,数据安全与隐私,数据安全与隐私如何保障？,仿真中的脑电数据需脱敏处理；虚实同步通道需加密；仿真平台访问权限控制；仿真数据存储加密；云端渲染需考虑数据传输安全；定期安全审计。
脑机数字孪生开发工程师,法规合规,需要遵守哪些法规？,如涉及医疗仿真需符合医疗器械软件标准（IEC 62304）；数据传输需符合个人信息保护法；如用于临床试验需通过IRB审查；出口管制（部分仿真技术可能涉及军民两用限制）。
脑机数字孪生开发工程师,伦理考量,有哪些伦理考量？,仿真结果不可完全替代真实实验（需明确告知局限性）；虚拟训练可能导致用户产生虚假安全感；脑电可视化可能暴露用户隐私（需控制可见范围）；仿真数据不可用于非授权用途。
脑机数字孪生开发工程师,绩效考核,绩效考核标准是什么？,技术维度：仿真系统性能指标（帧率、延迟、同步精度）、代码质量、架构可扩展性；业务维度：场景交付数量和质量、用户满意度、项目进度；创新维度：仿真方案创新性和技术突破。
脑机数字孪生开发工程师,持续学习建议,如何持续学习保持竞争力？,关注Unity/Unreal版本更新和新特性；跟踪SIGGRAPH、IEEE VR、GDC等会议；学习AIGC在三维建模中的应用；参与开源3D项目；定期做技术分享和Demo演示；关注XR硬件发展动态。
